divisie,team1,team2,datum,scheidsrechter,stadion,bezoekersaantal,uitslag,overtredingen
Tweede klasse,UHC Berkhout,HC Zuurdijk,14/12/2024,Verhaar,Papekop Arena,21310,0-4,2
Tweede klasse,UHC Berkhout,UHC Wittem,26/12/2024,Everde,Papekop Arena,12406,8-3,1
Tweede klasse,UHC Berkhout,HC Oranje-Rood,12/12/2024,Otte,Asten Olympic Stadium,18618,2-8,3
Tweede klasse,UHC Berkhout,Waterloo Ducks,03/12/2024,Everde,Greonterp Arena,11324,6-1,2
Tweede klasse,UHC Berkhout,Oranje Zwart,07/12/2024,Weylant,Wervershoof Park,10921,4-4,4
Tweede klasse,UHC Berkhout,Amsterdamsche Hockey & Bandey Club,03/12/2024,van der Pol,Oldenzijl Arena,9090,0-2,9
Tweede klasse,UHC Berkhout,Ouwerkerk HC,26/12/2024,van der Ven,Greonterp Arena,12332,5-1,1
Tweede klasse,UHC Berkhout,Heemskerk UHC,23/12/2024,van de Darnau,Papekop Arena,18975,4-4,8
Tweede klasse,UHC Berkhout,Zegge HC,01/12/2024,van Cuijck,Asten Olympic Stadium,29709,0-2,74
Tweede klasse,UHC Berkhout,UHC Warstiens,17/12/2024,Otte,Dussen Stadion,14611,6-5,2
Tweede klasse,UHC Berkhout,UHC Simonshaven,13/12/2024,van Cuijck,Kantens Stadium,6209,1-3,0
Tweede klasse,UHC Berkhout,UHC Gulpen,24/12/2024,van der Ven,Greonterp Arena,23220,3-5,9
Tweede klasse,UHC Berkhout,Harvestehuder THC,13/12/2024,van Cuijck,Kantens Stadium,4509,7-7,0
Tweede klasse,UHC Berkhout,HC Krimpen aan den IJssel,19/12/2024,Weylant,Papekop Arena,5447,5-2,5
Tweede klasse,UHC Berkhout,HC Hem,08/12/2024,Everde,Hagestein Olympic Stadium,18655,0-1,6
Tweede klasse,UHC Berkhout,Club de Campo,06/12/2024,van de Darnau,Lemelerveld Olympic Stadium,17897,4-0,0
Tweede klasse,UHC Berkhout,Kootwijkerbroek HC,07/12/2024,Otte,Oldenzijl Arena,3558,8-1,46
Tweede klasse,UHC Berkhout,UHC Blokker,11/12/2024,van der Pol,Lemelerveld Olympic Stadium,21538,2-7,6
Tweede klasse,UHC Berkhout,HC Well,24/12/2024,van der Pol,Dussen Stadion,13524,5-0,3
Tweede klasse,HC Zuurdijk,UHC Berkhout,29/12/2024,Otte,IJsselham Park,21614,6-5,8
Tweede klasse,HC Zuurdijk,UHC Wittem,30/12/2024,van der Ven,Wervershoof Park,7861,3-4,3
Tweede klasse,HC Zuurdijk,HC Oranje-Rood,01/12/2024,van Cuijck,Lemelerveld Olympic Stadium,12644,2-6,2
Tweede klasse,HC Zuurdijk,Waterloo Ducks,06/12/2024,Verhaar,Papekop Arena,16430,1-1,9
Tweede klasse,HC Zuurdijk,Oranje Zwart,27/12/2024,van der Ven,Waddinxveen Park,6393,0-2,0
Tweede klasse,HC Zuurdijk,Amsterdamsche Hockey & Bandey Club,20/12/2024,van der Klijn,Peest Park,24504,3-4,0
Tweede klasse,HC Zuurdijk,Ouwerkerk HC,14/12/2024,Verhaar,Lemelerveld Olympic Stadium,7046,8-5,5
Tweede klasse,HC Zuurdijk,Heemskerk UHC,10/12/2024,Otte,Britsum Stadium,23207,7-2,0
Tweede klasse,HC Zuurdijk,Zegge HC,01/12/2024,Verhaar,Asten Olympic Stadium,1903,0-6,0
Tweede klasse,HC Zuurdijk,UHC Warstiens,30/12/2024,van de Darnau,Wintelre Park,27788,8-1,0
Tweede klasse,HC Zuurdijk,UHC Simonshaven,06/12/2024,van der Klijn,IJsselham Park,8596,0-5,8
Tweede klasse,HC Zuurdijk,UHC Gulpen,29/12/2024,van de Darnau,Halfweg Arena,9378,8-4,1
Tweede klasse,HC Zuurdijk,Harvestehuder THC,13/12/2024,van Cuijck,Kantens Stadium,17379,6-3,3
Tweede klasse,HC Zuurdijk,HC Krimpen aan den IJssel,25/12/2024,Everde,Lichtenvoorde Stadium,8090,4-4,75
Tweede klasse,HC Zuurdijk,HC Hem,30/12/2024,Everde,Wintelre Park,5602,4-0,3
Tweede klasse,HC Zuurdijk,Club de Campo,10/12/2024,van Cuijck,Papekop Arena,15291,0-8,1
Tweede klasse,HC Zuurdijk,Kootwijkerbroek HC,29/12/2024,van der Pol,Zwanenburg Stadium,25436,4-8,7
Tweede klasse,HC Zuurdijk,UHC Blokker,21/12/2024,Otte,Europoort Rotterdam Stadion,26790,5-3,3
Tweede klasse,HC Zuurdijk,HC Well,24/12/2024,van der Pol,Wintelre Park,3425,8-4,1
Tweede klasse,UHC Wittem,UHC Berkhout,10/12/2024,Weylant,Oldenzijl Arena,11480,4-7,7
Tweede klasse,UHC Wittem,HC Zuurdijk,27/12/2024,van Cuijck,Wezup Arena,10891,0-5,3
Tweede klasse,UHC Wittem,HC Oranje-Rood,06/12/2024,Otte,Europoort Rotterdam Stadion,25542,0-6,14
Tweede klasse,UHC Wittem,Waterloo Ducks,27/12/2024,van Dam,Asten Olympic Stadium,20627,0-3,2
Tweede klasse,UHC Wittem,Oranje Zwart,16/12/2024,van der Ven,Dussen Stadion,2782,6-5,2
Tweede klasse,UHC Wittem,Amsterdamsche Hockey & Bandey Club,10/12/2024,Otte,Kantens Stadium,5933,3-0,9
Tweede klasse,UHC Wittem,Ouwerkerk HC,03/12/2024,Weylant,Wezup Arena,18789,3-6,0
Tweede klasse,UHC Wittem,Heemskerk UHC,10/12/2024,Weylant,Zwanenburg Stadium,24067,6-7,2
Tweede klasse,UHC Wittem,Zegge HC,13/12/2024,van de Darnau,Britsum Stadium,18428,4-8,9
Tweede klasse,UHC Wittem,UHC Warstiens,05/12/2024,Verhaar,Greonterp Arena,17639,8-5,9
Tweede klasse,UHC Wittem,UHC Simonshaven,18/12/2024,Everde,Greonterp Arena,20153,8-4,0
Tweede klasse,UHC Wittem,UHC Gulpen,12/12/2024,van der Ven,Oldenzijl Arena,603,0-7,6
Tweede klasse,UHC Wittem,Harvestehuder THC,11/12/2024,Verhaar,Wezup Arena,26946,5-2,1
Tweede klasse,UHC Wittem,HC Krimpen aan den IJssel,01/12/2024,Weylant,Dussen Stadion,12450,4-1,3
Tweede klasse,UHC Wittem,HC Hem,20/12/2024,van de Darnau,Papekop Arena,17205,6-5,1
Tweede klasse,UHC Wittem,Club de Campo,11/12/2024,Everde,Asten Olympic Stadium,7465,8-3,8
Tweede klasse,UHC Wittem,Kootwijkerbroek HC,08/12/2024,Everde,Wintelre Park,6027,8-5,3
Tweede klasse,UHC Wittem,UHC Blokker,23/12/2024,van de Darnau,Zwanenburg Stadium,13576,5-7,2
Tweede klasse,UHC Wittem,HC Well,27/12/2024,Everde,Kantens Stadium,24905,8-1,61
Tweede klasse,HC Oranje-Rood,UHC Berkhout,26/12/2024,van Dam,Europoort Rotterdam Stadion,14690,0-3,3
Tweede klasse,HC Oranje-Rood,HC Zuurdijk,14/12/2024,van der Ven,Peest Park,13518,3-6,6
Tweede klasse,HC Oranje-Rood,UHC Wittem,07/12/2024,Verhaar,Dussen Stadion,26520,2-5,10
Tweede klasse,HC Oranje-Rood,Waterloo Ducks,06/12/2024,Weylant,Greonterp Arena,23627,4-7,0
Tweede klasse,HC Oranje-Rood,Oranje Zwart,18/12/2024,van de Darnau,Wervershoof Park,18542,0-2,4
Tweede klasse,HC Oranje-Rood,Amsterdamsche Hockey & Bandey Club,08/12/2024,van der Pol,IJsselham Park,19102,6-7,7
Tweede klasse,HC Oranje-Rood,Ouwerkerk HC,24/12/2024,van der Pol,Kantens Stadium,2909,7-7,3
Tweede klasse,HC Oranje-Rood,Heemskerk UHC,26/12/2024,Verhaar,Wintelre Park,22069,1-1,23
Tweede klasse,HC Oranje-Rood,Zegge HC,03/12/2024,van der Ven,Nieuwdorp Olympic Stadium,7249,0-1,7
Tweede klasse,HC Oranje-Rood,UHC Warstiens,22/12/2024,van de Darnau,Wezup Arena,16585,5-7,1
Tweede klasse,HC Oranje-Rood,UHC Simonshaven,25/12/2024,van de Darnau,Wintelre Park,8631,1-1,8
Tweede klasse,HC Oranje-Rood,UHC Gulpen,06/12/2024,van der Ven,Nieuwdorp Olympic Stadium,16615,5-3,10
Tweede klasse,HC Oranje-Rood,Harvestehuder THC,20/12/2024,van der Pol,Peest Park,10128,4-0,0
Tweede klasse,HC Oranje-Rood,HC Krimpen aan den IJssel,12/12/2024,van Cuijck,Greonterp Arena,16451,1-0,2
Tweede klasse,HC Oranje-Rood,HC Hem,07/12/2024,van Dam,Nieuwdorp Olympic Stadium,14639,1-0,3
Tweede klasse,HC Oranje-Rood,Club de Campo,18/12/2024,van Cuijck,IJsselham Park,10529,0-6,1
Tweede klasse,HC Oranje-Rood,Kootwijkerbroek HC,06/12/2024,van Cuijck,IJsselham Park,8119,5-8,9
Tweede klasse,HC Oranje-Rood,UHC Blokker,19/12/2024,van der Ven,Wezup Arena,27519,0-2,5
Tweede klasse,HC Oranje-Rood,HC Well,14/12/2024,van der Pol,Peest Park,12812,4-7,2
Tweede klasse,Waterloo Ducks,UHC Berkhout,29/12/2024,van der Ven,Papekop Arena,197,2-3,0
Tweede klasse,Waterloo Ducks,HC Zuurdijk,23/12/2024,van der Ven,Europoort Rotterdam Stadion,329,7-1,10
Tweede klasse,Waterloo Ducks,UHC Wittem,13/12/2024,van Cuijck,Hagestein Olympic Stadium,15280,2-1,2
Tweede klasse,Waterloo Ducks,HC Oranje-Rood,27/12/2024,van der Klijn,Peest Park,17780,2-8,3
Tweede klasse,Waterloo Ducks,Oranje Zwart,18/12/2024,Otte,Halfweg Arena,12750,8-6,70
Tweede klasse,Waterloo Ducks,Amsterdamsche Hockey & Bandey Club,13/12/2024,Weylant,Britsum Stadium,26446,3-8,2
Tweede klasse,Waterloo Ducks,Ouwerkerk HC,28/12/2024,van der Klijn,Zwanenburg Stadium,13046,5-5,2
Tweede klasse,Waterloo Ducks,Heemskerk UHC,11/12/2024,van der Pol,Dussen Stadion,19636,6-7,3
Tweede klasse,Waterloo Ducks,Zegge HC,20/12/2024,Everde,Lemelerveld Olympic Stadium,827,5-3,2
Tweede klasse,Waterloo Ducks,UHC Warstiens,19/12/2024,van Cuijck,Greonterp Arena,15420,6-4,4
Tweede klasse,Waterloo Ducks,UHC Simonshaven,12/12/2024,van der Ven,Wervershoof Park,1055,5-5,3
Tweede klasse,Waterloo Ducks,UHC Gulpen,16/12/2024,van der Pol,Waddinxveen Park,2080,5-3,0
Tweede klasse,Waterloo Ducks,Harvestehuder THC,25/12/2024,Everde,Peest Park,1867,1-8,35
Tweede klasse,Waterloo Ducks,HC Krimpen aan den IJssel,11/12/2024,van Dam,IJsselham Park,2650,6-2,3
Tweede klasse,Waterloo Ducks,HC Hem,12/12/2024,van de Darnau,Halfweg Arena,10900,8-2,3
Tweede klasse,Waterloo Ducks,Club de Campo,28/12/2024,Everde,Peest Park,12471,1-7,0
Tweede klasse,Waterloo Ducks,Kootwijkerbroek HC,30/12/2024,Everde,Europoort Rotterdam Stadion,25174,1-8,10
Tweede klasse,Waterloo Ducks,UHC Blokker,05/12/2024,van der Klijn,Dussen Stadion,4911,3-1,3
Tweede klasse,Waterloo Ducks,HC Well,04/12/2024,van de Darnau,Peest Park,1462,0-4,1
Tweede klasse,Oranje Zwart,UHC Berkhout,29/12/2024,Otte,IJsselham Park,16259,8-6,6
Tweede klasse,Oranje Zwart,HC Zuurdijk,25/12/2024,van der Ven,Dussen Stadion,13089,4-0,2
Tweede klasse,Oranje Zwart,UHC Wittem,20/12/2024,van der Klijn,Oldenzijl Arena,10598,2-0,9
Tweede klasse,Oranje Zwart,HC Oranje-Rood,14/12/2024,van der Pol,Kantens Stadium,10392,6-4,2
Tweede klasse,Oranje Zwart,Waterloo Ducks,28/12/2024,Weylant,Halfweg Arena,9811,2-4,3
Tweede klasse,Oranje Zwart,Amsterdamsche Hockey & Bandey Club,20/12/2024,Everde,Europoort Rotterdam Stadion,27984,0-2,0
Tweede klasse,Oranje Zwart,Ouwerkerk HC,27/12/2024,Verhaar,Lichtenvoorde Stadium,15924,5-6,10
Tweede klasse,Oranje Zwart,Heemskerk UHC,20/12/2024,van de Darnau,Wintelre Park,28329,4-3,3
Tweede klasse,Oranje Zwart,Zegge HC,01/12/2024,Verhaar,Peest Park,5024,6-7,7
Tweede klasse,Oranje Zwart,UHC Warstiens,17/12/2024,Verhaar,Greonterp Arena,1848,2-8,12
Tweede klasse,Oranje Zwart,UHC Simonshaven,21/12/2024,van de Darnau,Hagestein Olympic Stadium,12781,1-1,0
Tweede klasse,Oranje Zwart,UHC Gulpen,07/12/2024,Weylant,Asten Olympic Stadium,25497,3-7,10
Tweede klasse,Oranje Zwart,Harvestehuder THC,28/12/2024,Everde,Oldenzijl Arena,2357,6-3,0
Tweede klasse,Oranje Zwart,HC Krimpen aan den IJssel,23/12/2024,van Cuijck,Greonterp Arena,25795,4-0,0
Tweede klasse,Oranje Zwart,HC Hem,01/12/2024,van Cuijck,Asten Olympic Stadium,6834,1-4,1
Tweede klasse,Oranje Zwart,Club de Campo,05/12/2024,van Dam,Peest Park,11053,1-7,10
Tweede klasse,Oranje Zwart,Kootwijkerbroek HC,19/12/2024,van der Ven,Halfweg Arena,3466,6-0,0
Tweede klasse,Oranje Zwart,UHC Blokker,18/12/2024,van Dam,Lichtenvoorde Stadium,17442,8-4,65
Tweede klasse,Oranje Zwart,HC Well,05/12/2024,van der Ven,Hagestein Olympic Stadium,12873,4-6,8
Tweede klasse,Amsterdamsche Hockey & Bandey Club,UHC Berkhout,29/12/2024,van de Darnau,Britsum Stadium,11577,5-8,3
Tweede klasse,Amsterdamsche Hockey & Bandey Club,HC Zuurdijk,19/12/2024,van Cuijck,Europoort Rotterdam Stadion,24007,6-6,3
Tweede klasse,Amsterdamsche Hockey & Bandey Club,UHC Wittem,29/12/2024,Weylant,Nieuwdorp Olympic Stadium,7335,8-3,5
Tweede klasse,Amsterdamsche Hockey & Bandey Club,HC Oranje-Rood,02/12/2024,van der Klijn,Papekop Arena,13261,0-7,1
Tweede klasse,Amsterdamsche Hockey & Bandey Club,Waterloo Ducks,24/12/2024,van de Darnau,Waddinxveen Park,22850,7-0,3
Tweede klasse,Amsterdamsche Hockey & Bandey Club,Oranje Zwart,30/12/2024,van Cuijck,Halfweg Arena,14722,5-5,5
Tweede klasse,Amsterdamsche Hockey & Bandey Club,Ouwerkerk HC,27/12/2024,van der Pol,Halfweg Arena,28631,8-5,2
Tweede klasse,Amsterdamsche Hockey & Bandey Club,Heemskerk UHC,19/12/2024,Weylant,Britsum Stadium,21385,3-8,10
Tweede klasse,Amsterdamsche Hockey & Bandey Club,Zegge HC,04/12/2024,van Cuijck,IJsselham Park,17966,3-6,0
Tweede klasse,Amsterdamsche Hockey & Bandey Club,UHC Warstiens,02/12/2024,van der Pol,Wezup Arena,7904,3-0,3
Tweede klasse,Amsterdamsche Hockey & Bandey Club,UHC Simonshaven,25/12/2024,van der Ven,Wervershoof Park,14698,0-7,7
Tweede klasse,Amsterdamsche Hockey & Bandey Club,UHC Gulpen,07/12/2024,van der Ven,Lichtenvoorde Stadium,15751,1-6,9
Tweede klasse,Amsterdamsche Hockey & Bandey Club,Harvestehuder THC,11/12/2024,Verhaar,Peest Park,9847,5-5,2
Tweede klasse,Amsterdamsche Hockey & Bandey Club,HC Krimpen aan den IJssel,05/12/2024,van der Ven,Kantens Stadium,22171,3-2,5
Tweede klasse,Amsterdamsche Hockey & Bandey Club,HC Hem,30/12/2024,Everde,Greonterp Arena,10293,1-4,98
Tweede klasse,Amsterdamsche Hockey & Bandey Club,Club de Campo,06/12/2024,van der Ven,Nieuwdorp Olympic Stadium,10526,8-0,2
Tweede klasse,Amsterdamsche Hockey & Bandey Club,Kootwijkerbroek HC,17/12/2024,Everde,Hagestein Olympic Stadium,26958,0-4,8
Tweede klasse,Amsterdamsche Hockey & Bandey Club,UHC Blokker,30/12/2024,Everde,Waddinxveen Park,6358,5-4,0
Tweede klasse,Amsterdamsche Hockey & Bandey Club,HC Well,20/12/2024,van de Darnau,Nieuwdorp Olympic Stadium,20536,8-7,0
Tweede klasse,Ouwerkerk HC,UHC Berkhout,30/12/2024,Verhaar,Hagestein Olympic Stadium,18944,0-4,3
Tweede klasse,Ouwerkerk HC,HC Zuurdijk,01/12/2024,Weylant,Lemelerveld Olympic Stadium,19705,1-7,7
Tweede klasse,Ouwerkerk HC,UHC Wittem,08/12/2024,van der Ven,Halfweg Arena,11000,8-4,0
Tweede klasse,Ouwerkerk HC,HC Oranje-Rood,28/12/2024,Everde,Hagestein Olympic Stadium,13090,5-8,24
Tweede klasse,Ouwerkerk HC,Waterloo Ducks,04/12/2024,Everde,Dussen Stadion,4592,8-6,0
Tweede klasse,Ouwerkerk HC,Oranje Zwart,12/12/2024,van de Darnau,Kantens Stadium,20000,5-4,2
Tweede klasse,Ouwerkerk HC,Amsterdamsche Hockey & Bandey Club,22/12/2024,van der Ven,Wezup Arena,12422,0-7,9
Tweede klasse,Ouwerkerk HC,Heemskerk UHC,14/12/2024,Otte,Asten Olympic Stadium,4145,4-3,7
Tweede klasse,Ouwerkerk HC,Zegge HC,25/12/2024,Everde,Lemelerveld Olympic Stadium,15445,7-8,3
Tweede klasse,Ouwerkerk HC,UHC Warstiens,01/12/2024,van Cuijck,Wintelre Park,6507,2-6,6
Tweede klasse,Ouwerkerk HC,UHC Simonshaven,07/12/2024,Weylant,Lemelerveld Olympic Stadium,13014,7-8,10
Tweede klasse,Ouwerkerk HC,UHC Gulpen,27/12/2024,Weylant,Asten Olympic Stadium,12563,1-6,2
Tweede klasse,Ouwerkerk HC,Harvestehuder THC,25/12/2024,van der Pol,Dussen Stadion,24773,7-1,1
Tweede klasse,Ouwerkerk HC,HC Krimpen aan den IJssel,23/12/2024,Everde,Zwanenburg Stadium,20755,0-1,3
Tweede klasse,Ouwerkerk HC,HC Hem,02/12/2024,van der Ven,Hagestein Olympic Stadium,21890,8-1,1
Tweede klasse,Ouwerkerk HC,Club de Campo,10/12/2024,van der Klijn,Hagestein Olympic Stadium,10094,6-8,4
Tweede klasse,Ouwerkerk HC,Kootwijkerbroek HC,23/12/2024,van Cuijck,Zwanenburg Stadium,10985,0-4,4
Tweede klasse,Ouwerkerk HC,UHC Blokker,05/12/2024,van Cuijck,Kantens Stadium,2203,3-5,0
Tweede klasse,Ouwerkerk HC,HC Well,13/12/2024,van der Pol,IJsselham Park,23081,5-0,4
Tweede klasse,Heemskerk UHC,UHC Berkhout,02/12/2024,Everde,Zwanenburg Stadium,11347,1-5,67
Tweede klasse,Heemskerk UHC,HC Zuurdijk,20/12/2024,Otte,Halfweg Arena,21751,8-2,1
Tweede klasse,Heemskerk UHC,UHC Wittem,28/12/2024,Everde,Lichtenvoorde Stadium,15232,0-8,1
Tweede klasse,Heemskerk UHC,HC Oranje-Rood,28/12/2024,Weylant,Lichtenvoorde Stadium,24491,8-6,4
Tweede klasse,Heemskerk UHC,Waterloo Ducks,04/12/2024,van Cuijck,Zwanenburg Stadium,10633,1-5,2
Tweede klasse,Heemskerk UHC,Oranje Zwart,17/12/2024,van der Klijn,Papekop Arena,7648,1-8,10
Tweede klasse,Heemskerk UHC,Amsterdamsche Hockey & Bandey Club,23/12/2024,van der Klijn,Wintelre Park,18655,2-4,5
Tweede klasse,Heemskerk UHC,Ouwerkerk HC,17/12/2024,Otte,Kantens Stadium,6642,7-4,0
Tweede klasse,Heemskerk UHC,Zegge HC,17/12/2024,van der Klijn,Wintelre Park,27510,8-8,19
Tweede klasse,Heemskerk UHC,UHC Warstiens,09/12/2024,van der Klijn,Britsum Stadium,13965,5-6,2
Tweede klasse,Heemskerk UHC,UHC Simonshaven,07/12/2024,Everde,Nieuwdorp Olympic Stadium,13294,1-8,2
Tweede klasse,Heemskerk UHC,UHC Gulpen,01/12/2024,Everde,Dussen Stadion,25345,0-5,0
Tweede klasse,Heemskerk UHC,Harvestehuder THC,10/12/2024,van Dam,Wezup Arena,20635,7-0,10
Tweede klasse,Heemskerk UHC,HC Krimpen aan den IJssel,28/12/2024,van der Pol,Kantens Stadium,5313,8-0,0
Tweede klasse,Heemskerk UHC,HC Hem,28/12/2024,Otte,IJsselham Park,11366,1-1,2
Tweede klasse,Heemskerk UHC,Club de Campo,02/12/2024,van Dam,Europoort Rotterdam Stadion,5925,1-7,4
Tweede klasse,Heemskerk UHC,Kootwijkerbroek HC,20/12/2024,van de Darnau,Asten Olympic Stadium,1542,1-7,3
Tweede klasse,Heemskerk UHC,UHC Blokker,17/12/2024,van der Klijn,Lichtenvoorde Stadium,1144,4-7,2
Tweede klasse,Heemskerk UHC,HC Well,27/12/2024,van der Pol,Papekop Arena,28171,4-2,1
Tweede klasse,Zegge HC,UHC Berkhout,13/12/2024,van Dam,Dussen Stadion,332,2-6,2
Tweede klasse,Zegge HC,HC Zuurdijk,15/12/2024,van der Pol,Wervershoof Park,320,0-3,0
Tweede klasse,Zegge HC,UHC Wittem,25/12/2024,van der Klijn,Wintelre Park,4655,3-5,6
Tweede klasse,Zegge HC,HC Oranje-Rood,02/12/2024,Weylant,Halfweg Arena,16081,6-7,2
Tweede klasse,Zegge HC,Waterloo Ducks,17/12/2024,van der Ven,Oldenzijl Arena,26885,8-2,7
Tweede klasse,Zegge HC,Oranje Zwart,12/12/2024,van de Darnau,Lemelerveld Olympic Stadium,18843,6-6,99
Tweede klasse,Zegge HC,Amsterdamsche Hockey & Bandey Club,20/12/2024,van der Ven,Oldenzijl Arena,20886,1-0,1
Tweede klasse,Zegge HC,Ouwerkerk HC,05/12/2024,van der Pol,Peest Park,15611,6-5,8
Tweede klasse,Zegge HC,Heemskerk UHC,19/12/2024,Weylant,Wervershoof Park,25654,3-2,7
Tweede klasse,Zegge HC,UHC Warstiens,01/12/2024,van Dam,Wezup Arena,6000,2-6,1
Tweede klasse,Zegge HC,UHC Simonshaven,22/12/2024,van Dam,Lichtenvoorde Stadium,18247,3-0,9
Tweede klasse,Zegge HC,UHC Gulpen,20/12/2024,van Cuijck,Wervershoof Park,7098,0-2,1
Tweede klasse,Zegge HC,Harvestehuder THC,30/12/2024,van Dam,Greonterp Arena,3451,3-7,0
Tweede klasse,Zegge HC,HC Krimpen aan den IJssel,01/12/2024,van der Ven,Asten Olympic Stadium,26699,3-6,10
Tweede klasse,Zegge HC,HC Hem,11/12/2024,van Dam,Peest Park,29912,6-8,7
Tweede klasse,Zegge HC,Club de Campo,23/12/2024,Verhaar,Dussen Stadion,16065,5-5,3
Tweede klasse,Zegge HC,Kootwijkerbroek HC,05/12/2024,Everde,Oldenzijl Arena,6151,1-4,6
Tweede klasse,Zegge HC,UHC Blokker,24/12/2024,Verhaar,Dussen Stadion,20332,8-8,3
Tweede klasse,Zegge HC,HC Well,05/12/2024,Weylant,Lemelerveld Olympic Stadium,7850,4-4,1
Tweede klasse,UHC Warstiens,UHC Berkhout,15/12/2024,van der Pol,Nieuwdorp Olympic Stadium,16720,7-4,0
Tweede klasse,UHC Warstiens,HC Zuurdijk,17/12/2024,van der Pol,Wezup Arena,12674,8-7,8
Tweede klasse,UHC Warstiens,UHC Wittem,03/12/2024,Everde,Papekop Arena,19998,5-6,3
Tweede klasse,UHC Warstiens,HC Oranje-Rood,08/12/2024,van der Ven,Oldenzijl Arena,10409,7-2,4
Tweede klasse,UHC Warstiens,Waterloo Ducks,02/12/2024,van der Ven,Hagestein Olympic Stadium,11496,6-3,8
Tweede klasse,UHC Warstiens,Oranje Zwart,23/12/2024,van der Ven,Halfweg Arena,10374,3-3,3
Tweede klasse,UHC Warstiens,Amsterdamsche Hockey & Bandey Club,26/12/2024,Otte,IJsselham Park,8653,6-7,4
Tweede klasse,UHC Warstiens,Ouwerkerk HC,23/12/2024,van de Darnau,Lichtenvoorde Stadium,25481,6-5,4
Tweede klasse,UHC Warstiens,Heemskerk UHC,23/12/2024,van Cuijck,Zwanenburg Stadium,29389,2-5,2
Tweede klasse,UHC Warstiens,Zegge HC,22/12/2024,van der Pol,Wintelre Park,24117,8-3,9
Tweede klasse,UHC Warstiens,UHC Simonshaven,26/12/2024,van de Darnau,Greonterp Arena,27028,4-4,75
Tweede klasse,UHC Warstiens,UHC Gulpen,15/12/2024,van der Ven,Hagestein Olympic Stadium,4110,5-1,0
Tweede klasse,UHC Warstiens,Harvestehuder THC,11/12/2024,van Cuijck,Lemelerveld Olympic Stadium,9793,8-2,0
Tweede klasse,UHC Warstiens,HC Krimpen aan den IJssel,13/12/2024,Everde,Wervershoof Park,25300,0-8,3
Tweede klasse,UHC Warstiens,HC Hem,25/12/2024,van Cuijck,Nieuwdorp Olympic Stadium,3240,3-4,3
Tweede klasse,UHC Warstiens,Club de Campo,11/12/2024,Verhaar,Oldenzijl Arena,6918,8-4,6
Tweede klasse,UHC Warstiens,Kootwijkerbroek HC,10/12/2024,Verhaar,Peest Park,12389,7-4,1
Tweede klasse,UHC Warstiens,UHC Blokker,04/12/2024,Otte,Kantens Stadium,13747,1-6,2
Tweede klasse,UHC Warstiens,HC Well,11/12/2024,van der Ven,Wintelre Park,14368,2-5,61
Tweede klasse,UHC Simonshaven,UHC Berkhout,25/12/2024,van de Darnau,Wervershoof Park,25695,7-1,5
Tweede klasse,UHC Simonshaven,HC Zuurdijk,28/12/2024,van Dam,Oldenzijl Arena,8415,3-4,1
Tweede klasse,UHC Simonshaven,UHC Wittem,13/12/2024,Everde,Waddinxveen Park,24935,5-8,2
Tweede klasse,UHC Simonshaven,HC Oranje-Rood,30/12/2024,van de Darnau,Britsum Stadium,5138,1-6,7
Tweede klasse,UHC Simonshaven,Waterloo Ducks,13/12/2024,van der Ven,Hagestein Olympic Stadium,21681,7-3,3
Tweede klasse,UHC Simonshaven,Oranje Zwart,07/12/2024,van de Darnau,Zwanenburg Stadium,24391,8-5,2
Tweede klasse,UHC Simonshaven,Amsterdamsche Hockey & Bandey Club,15/12/2024,van der Pol,Zwanenburg Stadium,1351,2-1,2
Tweede klasse,UHC Simonshaven,Ouwerkerk HC,15/12/2024,van der Ven,Lemelerveld Olympic Stadium,2735,3-7,1
Tweede klasse,UHC Simonshaven,Heemskerk UHC,23/12/2024,van der Klijn,Halfweg Arena,731,1-2,3
Tweede klasse,UHC Simonshaven,Zegge HC,21/12/2024,Weylant,Hagestein Olympic Stadium,29301,1-1,10
Tweede klasse,UHC Simonshaven,UHC Warstiens,02/12/2024,Otte,Wezup Arena,6072,5-0,2
Tweede klasse,UHC Simonshaven,UHC Gulpen,08/12/2024,van der Pol,Dussen Stadion,24319,4-8,3
Tweede klasse,UHC Simonshaven,Harvestehuder THC,20/12/2024,Weylant,Wezup Arena,3590,7-4,10
Tweede klasse,UHC Simonshaven,HC Krimpen aan den IJssel,26/12/2024,van de Darnau,Halfweg Arena,22213,5-0,1
Tweede klasse,UHC Simonshaven,HC Hem,04/12/2024,van der Ven,Lemelerveld Olympic Stadium,3326,3-6,6
Tweede klasse,UHC Simonshaven,Club de Campo,16/12/2024,Everde,Oldenzijl Arena,3318,4-2,64
Tweede klasse,UHC Simonshaven,Kootwijkerbroek HC,05/12/2024,van de Darnau,Greonterp Arena,22165,5-1,3
Tweede klasse,UHC Simonshaven,UHC Blokker,16/12/2024,Everde,Zwanenburg Stadium,8588,7-8,4
Tweede klasse,UHC Simonshaven,HC Well,15/12/2024,van der Klijn,Dussen Stadion,24592,3-5,4
Tweede klasse,UHC Gulpen,UHC Berkhout,14/12/2024,van der Klijn,Lichtenvoorde Stadium,19144,7-1,1
Tweede klasse,UHC Gulpen,HC Zuurdijk,11/12/2024,Otte,Europoort Rotterdam Stadion,19789,3-2,6
Tweede klasse,UHC Gulpen,UHC Wittem,18/12/2024,Otte,Waddinxveen Park,19982,7-3,5
Tweede klasse,UHC Gulpen,HC Oranje-Rood,02/12/2024,van de Darnau,Peest Park,8441,8-3,0
Tweede klasse,UHC Gulpen,Waterloo Ducks,23/12/2024,van der Klijn,Europoort Rotterdam Stadion,4609,5-6,81
Tweede klasse,UHC Gulpen,Oranje Zwart,13/12/2024,Weylant,Nieuwdorp Olympic Stadium,16405,4-2,0
Tweede klasse,UHC Gulpen,Amsterdamsche Hockey & Bandey Club,02/12/2024,van der Pol,Waddinxveen Park,11185,0-7,1
Tweede klasse,UHC Gulpen,Ouwerkerk HC,16/12/2024,van der Pol,Oldenzijl Arena,19491,6-8,3
Tweede klasse,UHC Gulpen,Heemskerk UHC,15/12/2024,van Dam,Wintelre Park,4774,8-6,0
Tweede klasse,UHC Gulpen,Zegge HC,14/12/2024,van der Pol,Zwanenburg Stadium,13526,7-6,3
Tweede klasse,UHC Gulpen,UHC Warstiens,25/12/2024,van Dam,Greonterp Arena,25625,5-2,1
Tweede klasse,UHC Gulpen,UHC Simonshaven,17/12/2024,Weylant,Halfweg Arena,6195,1-2,4
Tweede klasse,UHC Gulpen,Harvestehuder THC,25/12/2024,van der Ven,Zwanenburg Stadium,2655,4-2,1
Tweede klasse,UHC Gulpen,HC Krimpen aan den IJssel,19/12/2024,Otte,Waddinxveen Park,15666,8-4,0
Tweede klasse,UHC Gulpen,HC Hem,17/12/2024,van Cuijck,Dussen Stadion,8460,3-2,0
Tweede klasse,UHC Gulpen,Club de Campo,16/12/2024,van der Pol,IJsselham Park,13544,8-5,3
Tweede klasse,UHC Gulpen,Kootwijkerbroek HC,27/12/2024,van de Darnau,Wezup Arena,3576,0-1,7
Tweede klasse,UHC Gulpen,UHC Blokker,29/12/2024,Everde,Wezup Arena,614,1-3,10
Tweede klasse,UHC Gulpen,HC Well,22/12/2024,van Cuijck,Peest Park,13675,4-8,1
Tweede klasse,Harvestehuder THC,UHC Berkhout,17/12/2024,van der Ven,Asten Olympic Stadium,18440,3-0,3
Tweede klasse,Harvestehuder THC,HC Zuurdijk,07/12/2024,van de Darnau,Hagestein Olympic Stadium,16093,0-7,45
Tweede klasse,Harvestehuder THC,UHC Wittem,19/12/2024,van de Darnau,Asten Olympic Stadium,13767,2-8,2
Tweede klasse,Harvestehuder THC,HC Oranje-Rood,23/12/2024,van der Klijn,Halfweg Arena,12240,2-4,2
Tweede klasse,Harvestehuder THC,Waterloo Ducks,29/12/2024,Otte,Oldenzijl Arena,5977,8-0,6
Tweede klasse,Harvestehuder THC,Oranje Zwart,09/12/2024,van der Klijn,Nieuwdorp Olympic Stadium,14126,1-1,2
Tweede klasse,Harvestehuder THC,Amsterdamsche Hockey & Bandey Club,25/12/2024,van Cuijck,Wezup Arena,24734,4-4,1
Tweede klasse,Harvestehuder THC,Ouwerkerk HC,02/12/2024,van Dam,Wervershoof Park,9348,0-6,10
Tweede klasse,Harvestehuder THC,Heemskerk UHC,14/12/2024,van der Ven,Kantens Stadium,6082,1-3,3
Tweede klasse,Harvestehuder THC,Zegge HC,02/12/2024,van der Klijn,Hagestein Olympic Stadium,2962,7-2,80
Tweede klasse,Harvestehuder THC,UHC Warstiens,23/12/2024,van der Ven,Halfweg Arena,15291,0-0,9
Tweede klasse,Harvestehuder THC,UHC Simonshaven,07/12/2024,van der Ven,Lemelerveld Olympic Stadium,18077,0-0,1
Tweede klasse,Harvestehuder THC,UHC Gulpen,25/12/2024,van der Klijn,Asten Olympic Stadium,12797,2-8,4
Tweede klasse,Harvestehuder THC,HC Krimpen aan den IJssel,28/12/2024,van Cuijck,Papekop Arena,8640,6-2,9
Tweede klasse,Harvestehuder THC,HC Hem,23/12/2024,Weylant,IJsselham Park,3934,3-6,0
Tweede klasse,Harvestehuder THC,Club de Campo,13/12/2024,Weylant,Nieuwdorp Olympic Stadium,4148,0-2,9
Tweede klasse,Harvestehuder THC,Kootwijkerbroek HC,17/12/2024,van der Pol,Wintelre Park,28162,3-4,10
Tweede klasse,Harvestehuder THC,UHC Blokker,26/12/2024,van de Darnau,Wintelre Park,9729,8-6,2
Tweede klasse,Harvestehuder THC,HC Well,23/12/2024,van der Klijn,Zwanenburg Stadium,18698,2-8,3
Tweede klasse,HC Krimpen aan den IJssel,UHC Berkhout,19/12/2024,Weylant,Wintelre Park,25033,6-3,5
Tweede klasse,HC Krimpen aan den IJssel,HC Zuurdijk,19/12/2024,Everde,Lichtenvoorde Stadium,16541,2-0,1
Tweede klasse,HC Krimpen aan den IJssel,UHC Wittem,06/12/2024,Otte,Zwanenburg Stadium,11177,1-8,8
Tweede klasse,HC Krimpen aan den IJssel,HC Oranje-Rood,19/12/2024,van de Darnau,Wervershoof Park,8353,6-5,3
Tweede klasse,HC Krimpen aan den IJssel,Waterloo Ducks,25/12/2024,van der Klijn,Greonterp Arena,20987,1-1,1
Tweede klasse,HC Krimpen aan den IJssel,Oranje Zwart,23/12/2024,van der Klijn,Kantens Stadium,20465,1-8,5
Tweede klasse,HC Krimpen aan den IJssel,Amsterdamsche Hockey & Bandey Club,23/12/2024,Everde,Zwanenburg Stadium,14566,8-6,25
Tweede klasse,HC Krimpen aan den IJssel,Ouwerkerk HC,27/12/2024,Verhaar,Dussen Stadion,26179,4-5,2
Tweede klasse,HC Krimpen aan den IJssel,Heemskerk UHC,12/12/2024,van der Ven,Britsum Stadium,9013,3-7,9
Tweede klasse,HC Krimpen aan den IJssel,Zegge HC,14/12/2024,van Cuijck,Dussen Stadion,21495,2-4,3
Tweede klasse,HC Krimpen aan den IJssel,UHC Warstiens,25/12/2024,van Dam,Wintelre Park,8979,2-0,0
Tweede klasse,HC Krimpen aan den IJssel,UHC Simonshaven,28/12/2024,Weylant,IJsselham Park,18904,6-5,8
Tweede klasse,HC Krimpen aan den IJssel,UHC Gulpen,18/12/2024,Weylant,Papekop Arena,23296,3-8,6
Tweede klasse,HC Krimpen aan den IJssel,Harvestehuder THC,07/12/2024,van Dam,Waddinxveen Park,12917,2-4,1
Tweede klasse,HC Krimpen aan den IJssel,HC Hem,08/12/2024,Everde,Wervershoof Park,25166,8-0,56
Tweede klasse,HC Krimpen aan den IJssel,Club de Campo,05/12/2024,Otte,Peest Park,16065,1-4,9
Tweede klasse,HC Krimpen aan den IJssel,Kootwijkerbroek HC,24/12/2024,Everde,IJsselham Park,13483,7-6,0
Tweede klasse,HC Krimpen aan den IJssel,UHC Blokker,26/12/2024,Everde,Oldenzijl Arena,20260,7-8,7
Tweede klasse,HC Krimpen aan den IJssel,HC Well,23/12/2024,van Cuijck,Greonterp Arena,3504,7-2,1
Tweede klasse,HC Hem,UHC Berkhout,25/12/2024,Weylant,Peest Park,7133,4-3,2
Tweede klasse,HC Hem,HC Zuurdijk,23/12/2024,van der Klijn,Britsum Stadium,9301,5-6,4
Tweede klasse,HC Hem,UHC Wittem,03/12/2024,van Cuijck,Dussen Stadion,2411,3-3,10
Tweede klasse,HC Hem,HC Oranje-Rood,07/12/2024,van der Ven,Greonterp Arena,770,6-5,3
Tweede klasse,HC Hem,Waterloo Ducks,20/12/2024,Weylant,Hagestein Olympic Stadium,23942,0-1,6
Tweede klasse,HC Hem,Oranje Zwart,13/12/2024,Otte,Papekop Arena,22554,6-0,0
Tweede klasse,HC Hem,Amsterdamsche Hockey & Bandey Club,15/12/2024,Verhaar,IJsselham Park,24156,8-1,3
Tweede klasse,HC Hem,Ouwerkerk HC,15/12/2024,Verhaar,Wezup Arena,1364,0-8,9
Tweede klasse,HC Hem,Heemskerk UHC,14/12/2024,van der Klijn,Kantens Stadium,18977,6-7,4
Tweede klasse,HC Hem,Zegge HC,24/12/2024,Otte,Kantens Stadium,22552,4-6,2
Tweede klasse,HC Hem,UHC Warstiens,08/12/2024,van der Ven,Zwanenburg Stadium,18500,0-7,6
Tweede klasse,HC Hem,UHC Simonshaven,12/12/2024,Weylant,Halfweg Arena,20448,2-4,70
Tweede klasse,HC Hem,UHC Gulpen,11/12/2024,van Cuijck,Nieuwdorp Olympic Stadium,15572,5-3,1
Tweede klasse,HC Hem,Harvestehuder THC,28/12/2024,van der Klijn,Europoort Rotterdam Stadion,24924,6-1,3
Tweede klasse,HC Hem,HC Krimpen aan den IJssel,03/12/2024,van der Klijn,Europoort Rotterdam Stadion,23993,8-8,1
Tweede klasse,HC Hem,Club de Campo,26/12/2024,van der Ven,Europoort Rotterdam Stadion,15914,8-8,3
Tweede klasse,HC Hem,Kootwijkerbroek HC,30/12/2024,van Cuijck,Britsum Stadium,10111,8-3,2
Tweede klasse,HC Hem,UHC Blokker,30/12/2024,Weylant,Waddinxveen Park,27225,2-3,0
Tweede klasse,HC Hem,HC Well,07/12/2024,van Cuijck,Dussen Stadion,15145,4-3,2
Tweede klasse,Club de Campo,UHC Berkhout,23/12/2024,van Dam,Wezup Arena,1686,6-0,63
Tweede klasse,Club de Campo,HC Zuurdijk,17/12/2024,Weylant,Wervershoof Park,22585,8-3,2
Tweede klasse,Club de Campo,UHC Wittem,14/12/2024,van der Pol,Nieuwdorp Olympic Stadium,3734,4-8,2
Tweede klasse,Club de Campo,HC Oranje-Rood,04/12/2024,van Cuijck,Peest Park,29997,2-7,10
Tweede klasse,Club de Campo,Waterloo Ducks,03/12/2024,Everde,Nieuwdorp Olympic Stadium,6812,4-2,8
Tweede klasse,Club de Campo,Oranje Zwart,10/12/2024,Otte,Lemelerveld Olympic Stadium,29114,1-1,3
Tweede klasse,Club de Campo,Amsterdamsche Hockey & Bandey Club,02/12/2024,van de Darnau,Nieuwdorp Olympic Stadium,1129,0-1,0
Tweede klasse,Club de Campo,Ouwerkerk HC,01/12/2024,van Cuijck,Lemelerveld Olympic Stadium,28083,6-2,7
Tweede klasse,Club de Campo,Heemskerk UHC,16/12/2024,Verhaar,Greonterp Arena,13203,1-7,1
Tweede klasse,Club de Campo,Zegge HC,06/12/2024,van der Ven,Britsum Stadium,29483,5-2,3
Tweede klasse,Club de Campo,UHC Warstiens,18/12/2024,Otte,Zwanenburg Stadium,24323,1-0,0
Tweede klasse,Club de Campo,UHC Simonshaven,20/12/2024,Verhaar,Zwanenburg Stadium,6978,0-6,2
Tweede klasse,Club de Campo,UHC Gulpen,23/12/2024,van der Klijn,Greonterp Arena,19778,2-6,1
Tweede klasse,Club de Campo,Harvestehuder THC,13/12/2024,Verhaar,Dussen Stadion,11295,7-2,7
Tweede klasse,Club de Campo,HC Krimpen aan den IJssel,03/12/2024,Weylant,Nieuwdorp Olympic Stadium,4691,5-7,1
Tweede klasse,Club de Campo,HC Hem,03/12/2024,van Dam,Europoort Rotterdam Stadion,4785,0-6,6
Tweede klasse,Club de Campo,Kootwijkerbroek HC,26/12/2024,Verhaar,Britsum Stadium,14027,0-1,84
Tweede klasse,Club de Campo,UHC Blokker,01/12/2024,van der Klijn,Britsum Stadium,7560,1-8,3
Tweede klasse,Club de Campo,HC Well,06/12/2024,van Dam,Wezup Arena,13821,2-3,10
Tweede klasse,Kootwijkerbroek HC,UHC Berkhout,28/12/2024,van de Darnau,Greonterp Arena,9781,1-8,6
Tweede klasse,Kootwijkerbroek HC,HC Zuurdijk,13/12/2024,van Cuijck,Europoort Rotterdam Stadion,25362,1-2,0
Tweede klasse,Kootwijkerbroek HC,UHC Wittem,11/12/2024,Verhaar,Halfweg Arena,18660,8-7,8
Tweede klasse,Kootwijkerbroek HC,HC Oranje-Rood,11/12/2024,Otte,Lemelerveld Olympic Stadium,8904,0-2,10
Tweede klasse,Kootwijkerbroek HC,Waterloo Ducks,18/12/2024,van der Ven,Oldenzijl Arena,7170,4-1,0
Tweede klasse,Kootwijkerbroek HC,Oranje Zwart,05/12/2024,van der Pol,Lichtenvoorde Stadium,5906,5-4,87
Tweede klasse,Kootwijkerbroek HC,Amsterdamsche Hockey & Bandey Club,16/12/2024,van de Darnau,Oldenzijl Arena,588,7-2,4
Tweede klasse,Kootwijkerbroek HC,Ouwerkerk HC,23/12/2024,van Cuijck,Halfweg Arena,8094,7-2,0
Tweede klasse,Kootwijkerbroek HC,Heemskerk UHC,08/12/2024,van Cuijck,Lemelerveld Olympic Stadium,47,7-2,10
Tweede klasse,Kootwijkerbroek HC,Zegge HC,16/12/2024,van der Pol,Oldenzijl Arena,22909,5-8,4
Tweede klasse,Kootwijkerbroek HC,UHC Warstiens,06/12/2024,van der Ven,Kantens Stadium,8955,5-6,2
Tweede klasse,Kootwijkerbroek HC,UHC Simonshaven,29/12/2024,van der Klijn,Dussen Stadion,16092,5-2,6
Tweede klasse,Kootwijkerbroek HC,UHC Gulpen,18/12/2024,Verhaar,Lemelerveld Olympic Stadium,24497,7-5,4
Tweede klasse,Kootwijkerbroek HC,Harvestehuder THC,03/12/2024,van der Pol,Greonterp Arena,481,6-5,0
Tweede klasse,Kootwijkerbroek HC,HC Krimpen aan den IJssel,09/12/2024,Weylant,Kantens Stadium,5329,5-6,8
Tweede klasse,Kootwijkerbroek HC,HC Hem,01/12/2024,van de Darnau,Lemelerveld Olympic Stadium,11538,6-5,0
Tweede klasse,Kootwijkerbroek HC,Club de Campo,28/12/2024,van der Ven,Zwanenburg Stadium,18145,3-2,3
Tweede klasse,Kootwijkerbroek HC,UHC Blokker,19/12/2024,van Cuijck,Wintelre Park,23397,0-1,6
Tweede klasse,Kootwijkerbroek HC,HC Well,16/12/2024,van Cuijck,Oldenzijl Arena,26518,6-4,0
Tweede klasse,UHC Blokker,UHC Berkhout,30/12/2024,van Cuijck,Halfweg Arena,27440,7-2,3
Tweede klasse,UHC Blokker,HC Zuurdijk,06/12/2024,van Dam,Wintelre Park,11012,0-3,7
Tweede klasse,UHC Blokker,UHC Wittem,17/12/2024,Everde,Waddinxveen Park,26996,8-6,29
Tweede klasse,UHC Blokker,HC Oranje-Rood,21/12/2024,Everde,Zwanenburg Stadium,22020,6-6,3
Tweede klasse,UHC Blokker,Waterloo Ducks,28/12/2024,van der Klijn,Waddinxveen Park,5887,1-0,8
Tweede klasse,UHC Blokker,Oranje Zwart,20/12/2024,van Dam,Wervershoof Park,11078,1-2,1
Tweede klasse,UHC Blokker,Amsterdamsche Hockey & Bandey Club,03/12/2024,van Dam,Britsum Stadium,18266,7-6,3
Tweede klasse,UHC Blokker,Ouwerkerk HC,29/12/2024,van Cuijck,Dussen Stadion,21663,6-2,2
Tweede klasse,UHC Blokker,Heemskerk UHC,27/12/2024,Everde,Wezup Arena,24345,1-8,2
Tweede klasse,UHC Blokker,Zegge HC,08/12/2024,van de Darnau,Wezup Arena,1038,4-2,2
Tweede klasse,UHC Blokker,UHC Warstiens,12/12/2024,van de Darnau,Lichtenvoorde Stadium,2654,8-0,22
Tweede klasse,UHC Blokker,UHC Simonshaven,16/12/2024,Everde,Hagestein Olympic Stadium,21786,5-5,1
Tweede klasse,UHC Blokker,UHC Gulpen,27/12/2024,Weylant,Halfweg Arena,27713,1-3,2
Tweede klasse,UHC Blokker,Harvestehuder THC,25/12/2024,van der Ven,Wezup Arena,26957,5-2,0
Tweede klasse,UHC Blokker,HC Krimpen aan den IJssel,03/12/2024,van de Darnau,Britsum Stadium,6687,1-6,4
Tweede klasse,UHC Blokker,HC Hem,13/12/2024,van der Ven,Waddinxveen Park,6172,7-7,2
Tweede klasse,UHC Blokker,Club de Campo,29/12/2024,van Dam,Kantens Stadium,18774,5-2,4
Tweede klasse,UHC Blokker,Kootwijkerbroek HC,28/12/2024,van Dam,Wintelre Park,17784,1-0,3
Tweede klasse,UHC Blokker,HC Well,17/12/2024,Weylant,Nieuwdorp Olympic Stadium,15406,0-1,0
Tweede klasse,HC Well,UHC Berkhout,12/12/2024,Weylant,Dussen Stadion,3738,4-1,9
Tweede klasse,HC Well,HC Zuurdijk,13/12/2024,Weylant,Europoort Rotterdam Stadion,1452,2-2,2
Tweede klasse,HC Well,UHC Wittem,14/12/2024,Everde,Halfweg Arena,26472,4-1,0
Tweede klasse,HC Well,HC Oranje-Rood,19/12/2024,van Dam,Peest Park,3091,8-7,5
Tweede klasse,HC Well,Waterloo Ducks,30/12/2024,Verhaar,Halfweg Arena,7549,7-5,4
Tweede klasse,HC Well,Oranje Zwart,27/12/2024,van de Darnau,Wezup Arena,18284,2-0,2
Tweede klasse,HC Well,Amsterdamsche Hockey & Bandey Club,04/12/2024,Weylant,Lemelerveld Olympic Stadium,28920,2-7,9
Tweede klasse,HC Well,Ouwerkerk HC,22/12/2024,Everde,Zwanenburg Stadium,28824,3-6,40
Tweede klasse,HC Well,Heemskerk UHC,08/12/2024,van de Darnau,Kantens Stadium,14223,0-4,1
Tweede klasse,HC Well,Zegge HC,26/12/2024,Verhaar,Asten Olympic Stadium,21433,3-7,0
Tweede klasse,HC Well,UHC Warstiens,13/12/2024,van der Klijn,Zwanenburg Stadium,26252,2-5,1
Tweede klasse,HC Well,UHC Simonshaven,25/12/2024,van Cuijck,Peest Park,12995,2-5,1
Tweede klasse,HC Well,UHC Gulpen,26/12/2024,van der Ven,Papekop Arena,19346,3-8,9
Tweede klasse,HC Well,Harvestehuder THC,27/12/2024,Everde,Dussen Stadion,13519,7-8,9
Tweede klasse,HC Well,HC Krimpen aan den IJssel,01/12/2024,Everde,Nieuwdorp Olympic Stadium,28516,5-6,0
Tweede klasse,HC Well,HC Hem,12/12/2024,van de Darnau,Wintelre Park,25900,7-3,39
Tweede klasse,HC Well,Club de Campo,01/12/2024,Weylant,Halfweg Arena,20029,7-2,6
Tweede klasse,HC Well,Kootwijkerbroek HC,05/12/2024,Otte,Greonterp Arena,23471,2-5,1
Tweede klasse,HC Well,UHC Blokker,23/12/2024,Everde,Peest Park,26871,4-2,5
